route_id,day_label,day_title,day_note,stop_id,order,travel
naoshima,直島,直島 聖地巡礼,宮浦港から徒歩・レンタサイクルで巡る、公式サイト掲載順のモデルコース。,miyanoura-port,1,🚶徒歩1分 🚲自転車1分未満 📍60m
naoshima,直島,直島 聖地巡礼,宮浦港から徒歩・レンタサイクルで巡る、公式サイト掲載順のモデルコース。,naoshima-sento,2,🚶徒歩4分 🚲自転車2分 📍270m
naoshima,直島,直島 聖地巡礼,宮浦港から徒歩・レンタサイクルで巡る、公式サイト掲載順のモデルコース。,iwata,3,🚶徒歩15分 🚲自転車5分 📍900m
naoshima,直島,直島 聖地巡礼,宮浦港から徒歩・レンタサイクルで巡る、公式サイト掲載順のモデルコース。,naoshima0003,4,🚶徒歩26分 🚲自転車8分 📍1.9km
naoshima,直島,直島 聖地巡礼,宮浦港から徒歩・レンタサイクルで巡る、公式サイト掲載順のモデルコース。,dam,5,🚶徒歩15分 🚲自転車5分 📍1.1km
naoshima,直島,直島 聖地巡礼,宮浦港から徒歩・レンタサイクルで巡る、公式サイト掲載順のモデルコース。,ishii,6,🚶徒歩30秒 🚲自転車10秒 📍20m
naoshima,直島,直島 聖地巡礼,宮浦港から徒歩・レンタサイクルで巡る、公式サイト掲載順のモデルコース。,naoshima-muramichi,7,🚶徒歩4分 🚲自転車1分 📍300m
naoshima,直島,直島 聖地巡礼,宮浦港から徒歩・レンタサイクルで巡る、公式サイト掲載順のモデルコース。,yama-jinja,8,🚶徒歩2分 🚲自転車1分未満 📍200m
naoshima,直島,直島 聖地巡礼,宮浦港から徒歩・レンタサイクルで巡る、公式サイト掲載順のモデルコース。,naoshima0008,9,🚶徒歩15分 🚲自転車5分 📍900m
naoshima,直島,直島 聖地巡礼,宮浦港から徒歩・レンタサイクルで巡る、公式サイト掲載順のモデルコース。,benzaiten,10,🚶徒歩4分 🚲自転車不可 📍300m
naoshima,直島,直島 聖地巡礼,宮浦港から徒歩・レンタサイクルで巡る、公式サイト掲載順のモデルコース。,new-naoshima-1,11,🚶徒歩1分未満 🚲自転車10秒 📍50m
naoshima,直島,直島 聖地巡礼,宮浦港から徒歩・レンタサイクルで巡る、公式サイト掲載順のモデルコース。,naoshima0011,12,🚶徒歩7分 🚲自転車2分 📍450m
naoshima,直島,直島 聖地巡礼,宮浦港から徒歩・レンタサイクルで巡る、公式サイト掲載順のモデルコース。,naoshima0012,13,🚶徒歩7分 🚲自転車2分 📍500m
naoshima,直島,直島 聖地巡礼,宮浦港から徒歩・レンタサイクルで巡る、公式サイト掲載順のモデルコース。,naoshima0013,14,🚶徒歩40分 🚲自転車不可 📍約2.5km
naoshima,直島,直島 聖地巡礼,宮浦港から徒歩・レンタサイクルで巡る、公式サイト掲載順のモデルコース。,naoshima0014,15,🚶徒歩30分 🚲自転車不可 📍約1.2km
naoshima,直島,直島 聖地巡礼,宮浦港から徒歩・レンタサイクルで巡る、公式サイト掲載順のモデルコース。,gotanji,16,🚶徒歩37分 🚲自転車15分 📍2.5m
naoshima,直島,直島 聖地巡礼,宮浦港から徒歩・レンタサイクルで巡る、公式サイト掲載順のモデルコース。,naoshima0016,17,🚶徒歩6分 🚲自転車2分 📍約440m
naoshima,直島,直島 聖地巡礼,宮浦港から徒歩・レンタサイクルで巡る、公式サイト掲載順のモデルコース。,naoshima0017,18,
ogijima,男木島,男木島 聖地巡礼,男木港から徒歩で巡る、公式サイト掲載順のモデルコース。,ogi-distant-view,1,
ogijima,男木島,男木島 聖地巡礼,男木港から徒歩で巡る、公式サイト掲載順のモデルコース。,ogijima002,2,🚶徒歩1分未満 📍10m
ogijima,男木島,男木島 聖地巡礼,男木港から徒歩で巡る、公式サイト掲載順のモデルコース。,ogi-tower,3,🚶徒歩3分 📍200m
ogijima,男木島,男木島 聖地巡礼,男木港から徒歩で巡る、公式サイト掲載順のモデルコース。,ogijima004,4,🚶徒歩5分 📍350m
ogijima,男木島,男木島 聖地巡礼,男木港から徒歩で巡る、公式サイト掲載順のモデルコース。,ogi-countryroad,5,🚶徒歩2分 📍130m
ogijima,男木島,男木島 聖地巡礼,男木港から徒歩で巡る、公式サイト掲載順のモデルコース。,new-ogijima-2,6,🚶徒歩4分 📍270m
ogijima,男木島,男木島 聖地巡礼,男木港から徒歩で巡る、公式サイト掲載順のモデルコース。,ogi-lighthouse,7,🚶徒歩20分 📍1.5km
ogijima,男木島,男木島 聖地巡礼,男木港から徒歩で巡る、公式サイト掲載順のモデルコース。,new-ogijima-3,8,🚶徒歩2分 📍100m
ogijima,男木島,男木島 聖地巡礼,男木港から徒歩で巡る、公式サイト掲載順のモデルコース。,new-ogijima-4,9,🚶徒歩2分 📍150m
ogijima,男木島,男木島 聖地巡礼,男木港から徒歩で巡る、公式サイト掲載順のモデルコース。,new-ogijima-5,10,🚶徒歩4分 🚲自転車不可 📍300m
ogijima,男木島,男木島 聖地巡礼,男木港から徒歩で巡る、公式サイト掲載順のモデルコース。,toyotama,11,🚶徒歩1分 📍70m
ogijima,男木島,男木島 聖地巡礼,男木港から徒歩で巡る、公式サイト掲載順のモデルコース。,new-ogijima-6,12,🚶徒歩1分未満 📍30m
ogijima,男木島,男木島 聖地巡礼,男木港から徒歩で巡る、公式サイト掲載順のモデルコース。,new-ogijima-7,13,🚶徒歩1分 📍70m
ogijima,男木島,男木島 聖地巡礼,男木港から徒歩で巡る、公式サイト掲載順のモデルコース。,new-ogijima-8,14,🚶徒歩1分 📍70m
ogijima,男木島,男木島 聖地巡礼,男木港から徒歩で巡る、公式サイト掲載順のモデルコース。,new-ogijima-9,15,🚶徒歩1分 📍85m
ogijima,男木島,男木島 聖地巡礼,男木港から徒歩で巡る、公式サイト掲載順のモデルコース。,new-ogijima-10,16,🚶徒歩1分 📍20m
ogijima,男木島,男木島 聖地巡礼,男木港から徒歩で巡る、公式サイト掲載順のモデルコース。,new-ogijima-11,17,🚶徒歩1分未満 📍10m
ogijima,男木島,男木島 聖地巡礼,男木港から徒歩で巡る、公式サイト掲載順のモデルコース。,new-ogijima-12,18,🚶徒歩1分 📍約50m
ogijima,男木島,男木島 聖地巡礼,男木港から徒歩で巡る、公式サイト掲載順のモデルコース。,new-ogijima-13,19,🚶徒歩7分 📍約450m
ogijima,男木島,男木島 聖地巡礼,男木港から徒歩で巡る、公式サイト掲載順のモデルコース。,ogi-port-road,20,🚶徒歩6分 📍約450m
ogijima,男木島,男木島 聖地巡礼,男木港から徒歩で巡る、公式サイト掲載順のモデルコース。,ogi-school,21,🚶徒歩0分（すぐ隣） 📍約5m
ogijima,男木島,男木島 聖地巡礼,男木港から徒歩で巡る、公式サイト掲載順のモデルコース。,gyokyo,22,🚶徒歩1分 📍約60m
ogijima,男木島,男木島 聖地巡礼,男木港から徒歩で巡る、公式サイト掲載順のモデルコース。,new-ogijima-14,23,
