spot_id,order,name,description,images
ogi-lighthouse,1,灯台下,,https://summer-pockets.main.jp/wp-content/uploads/2024/07/todai-11.jpg|https://summer-pockets.main.jp/wp-content/uploads/2024/07/todai-7.jpg
ogi-lighthouse,2,アルカテイルＯＰカット,,https://summer-pockets.main.jp/wp-content/uploads/2024/07/todai-10.jpg|https://summer-pockets.main.jp/wp-content/uploads/2024/07/todai-20.jpg|https://summer-pockets.main.jp/wp-content/uploads/2024/07/todai-17.jpg|https://summer-pockets.main.jp/wp-content/uploads/2024/07/todai-8.jpg
ogi-lighthouse,3,ＲＢのメインビジュアル,,https://summer-pockets.main.jp/wp-content/uploads/2024/07/todai-18.jpg|https://summer-pockets.main.jp/wp-content/uploads/2024/07/todai-2.jpg
ogi-lighthouse,4,ＷＥＢマニュアルの背景,,https://summer-pockets.main.jp/wp-content/uploads/2024/07/todai-3.jpg|https://summer-pockets.main.jp/wp-content/uploads/2024/07/todai-4.jpg
ogi-lighthouse,5,紬のキービジュアル,,https://summer-pockets.main.jp/wp-content/uploads/2024/07/todai-19-scaled.jpg|https://summer-pockets.main.jp/wp-content/uploads/2025/05/todai-19-scaled_r.jpg
ogi-lighthouse,6,紬の誕生日,,https://summer-pockets.main.jp/wp-content/uploads/2024/07/todai-12-1024x576.jpg
ogi-lighthouse,7,灯台の展望エリア,,https://summer-pockets.main.jp/wp-content/uploads/2024/07/todai-16-1024x576.jpg
ogi-lighthouse,8,紬と静久と,,https://summer-pockets.main.jp/wp-content/uploads/2024/07/todai-15-1024x576.jpg|https://summer-pockets.main.jp/wp-content/uploads/2024/07/todai-14-1024x576.jpg
ogi-lighthouse,9,灯台と紬,,https://summer-pockets.main.jp/wp-content/uploads/2025/06/op1_6.jpg|https://summer-pockets.main.jp/wp-content/uploads/2025/06/op-3.jpg
ogi-lighthouse,10,紬の灯台,,https://summer-pockets.main.jp/wp-content/uploads/2025/04/032-1.jpg
toyotama,1,撮影地不明,,https://summer-pockets.main.jp/wp-content/uploads/2024/07/shizuku-5-1-1024x937.jpg|https://summer-pockets.main.jp/wp-content/uploads/2024/07/shizuku-4-1-1024x492.jpg|https://summer-pockets.main.jp/wp-content/uploads/2024/07/shizuku-1-1-1024x768.jpg
gyokyo,1,鳥白島役場,,https://summer-pockets.main.jp/wp-content/uploads/2024/07/yakuba02.jpg|https://summer-pockets.main.jp/wp-content/uploads/2025/06/yakuba_r.jpg
ogi-school,1,合わせて撮りたいスポット,,https://summer-pockets.main.jp/wp-content/uploads/2024/07/himitu-1024x576.jpg
ogi-school,2,プール,,https://summer-pockets.main.jp/wp-content/uploads/2025/06/op1_9.jpg
ogi-school,3,プール,,https://summer-pockets.main.jp/wp-content/uploads/2025/04/022.jpg
ogi-tower,1,鉄塔,"島に着いてまず見えてくるのがこの「鉄塔」。ゲームにもアニメにも登場する、主にのみきが利用しているあれですね。
同じような画角で撮るのは難しいと思いますが、チャレンジしてみてください。写真をお持ちの方、ぜひご提供をお願いします。",https://summer-pockets.main.jp/wp-content/uploads/2024/07/nomiki-1.jpg|https://summer-pockets.main.jp/wp-content/uploads/2024/07/nomiki-2.jpg|https://summer-pockets.main.jp/wp-content/uploads/2024/07/nomiki-5.jpg|https://summer-pockets.main.jp/wp-content/uploads/2024/09/sonota2.jpg|https://summer-pockets.main.jp/wp-content/uploads/2024/12/voice02.jpg|https://summer-pockets.main.jp/wp-content/uploads/2025/09/anime26.jpg
ogi-tower,2,のみきの鉄塔,,https://summer-pockets.main.jp/wp-content/uploads/2025/04/028.jpg
ogi-monument,1,合わせて撮りたいスポット,,https://summer-pockets.main.jp/wp-content/uploads/2024/07/todai-9-1024x575.jpg
onigashima-cave,1,洞窟,実は女木島に行ったことがないので説明できないのですが…。港からここまではバスが運行しているので、利用したほうがよいでしょう。,https://summer-pockets.main.jp/wp-content/uploads/2024/07/dokutu-3-1.jpg|https://summer-pockets.main.jp/wp-content/uploads/2024/07/dokutu-2.jpg|https://summer-pockets.main.jp/wp-content/uploads/2024/07/doukutu.jpg|https://summer-pockets.main.jp/wp-content/uploads/2025/05/058.jpg
onigashima-cave,2,秘密基地への山道,物語でたびたび登場するこのシーンは、鬼ヶ島大洞窟を抜けた先にあるそうです。行ってないので憶測になりますが…。,https://summer-pockets.main.jp/wp-content/uploads/2024/07/himitu-sando.jpg|https://summer-pockets.main.jp/wp-content/uploads/2025/04/053.jpg
onigashima-cave,3,洞窟内部,,https://summer-pockets.main.jp/wp-content/uploads/2024/07/dokutu-2-1024x576.jpg|https://summer-pockets.main.jp/wp-content/uploads/2024/07/doukutu-1024x576.jpg
onigashima-cave,4,合わせて撮りたいスポット,,https://summer-pockets.main.jp/wp-content/uploads/2024/07/himitu-sando-1024x576.jpg
koibitomisaki,1,海辺,,https://summer-pockets.main.jp/wp-content/uploads/2025/04/024.jpg
miyanoura-port,1,鳥白島港,ここがサマポケ聖地巡礼のはじまり。港周辺は巡礼箇所が密集しています。直島MAPを参考にすべて巡礼しましょう。,https://summer-pockets.main.jp/wp-content/uploads/2024/07/minato-6.jpg|https://summer-pockets.main.jp/wp-content/uploads/2024/07/minato-3.jpg|https://summer-pockets.main.jp/wp-content/uploads/2024/07/minato-2.jpg|https://summer-pockets.main.jp/wp-content/uploads/2025/04/a003.jpg|https://summer-pockets.main.jp/wp-content/uploads/2024/09/anime-8.jpg
miyanoura-port,2,通常版パッケージ,通常版パッケージのイラスト。,https://summer-pockets.main.jp/wp-content/uploads/2024/07/minato-1.jpg
miyanoura-port,3,うみちゃんのお見送り,こちらはゲーム作品より。フェリーに乗っていないと撮れないので、行きか帰りに甲板から撮りましょう。,https://summer-pockets.main.jp/wp-content/uploads/2024/07/minato-7.jpg|https://summer-pockets.main.jp/wp-content/uploads/2024/07/minato-4.jpg
miyanoura-port,4,プロローグPTより,プロローグパーティより。,https://summer-pockets.main.jp/wp-content/uploads/2024/09/anime-9.jpg
miyanoura-port,5,海を見つめるしろは,アニメ第一話より。,https://summer-pockets.main.jp/wp-content/uploads/2025/04/a002.jpg
miyanoura-port,6,はじめて来る島なのに,アニメ第一話より。,https://summer-pockets.main.jp/wp-content/uploads/2025/04/a004.jpg
miyanoura-port,7,さしずめ俺は…,こちらはフェリー関係者のみ入れるスペースです。迷惑にならないように巡礼しましょう。,https://summer-pockets.main.jp/wp-content/uploads/2025/04/anime02.jpg|https://summer-pockets.main.jp/wp-content/uploads/2025/04/kinshi.jpg
miyanoura-port,8,良一との出会い,"反対向き。
海の駅なおしまの南。直島パヴィリオンよりもう少し南に下ったあたりです。",https://summer-pockets.main.jp/wp-content/uploads/2025/04/025.jpg|https://summer-pockets.main.jp/wp-content/uploads/2025/04/027.jpg
miyanoura-port,9,海岸沿いを走る羽依里,ちょうど羽依里が走っているあたりが、良一と会ったところですね。,https://summer-pockets.main.jp/wp-content/uploads/2025/04/029.jpg
miyanoura-port,10,海を見つめるしろは,アニメ作中では何度か登場します。,https://summer-pockets.main.jp/wp-content/uploads/2025/04/030-1.jpg
miyanoura-port,11,いい夏休みだったな,レンタサイクル店側からのフェリー乗り場のようす。,https://summer-pockets.main.jp/wp-content/uploads/2025/06/112.jpg
miyanoura-port,12,私、思うの,"こちらのアニメカットにはレンタサイクル店がありません。羽依里は西暦2000年にこの島へやってくるので、お店がなくて当然ですね。ちなみになぜ2000年かというと…

ゲーム作品では、うみちゃんの持っている写真の日付が『00.8.31』となっています。西暦2000年よりも前に作られたカメラは、西暦が下2桁で日付表示されるようになっており、1999年は『99』と表示され、2000年になると『00』となります。

だから2000年の夏休みの出来事だと思ってゲームをプレイしていたのですが…違ったらごめんなさい。アニメでは西暦表示がなかったので、何年なのかわからないようにしているのかもしれませんね。

ちなみにGoogleマップは2011年のものです。少なくともこれよりも前の年に羽依里は鳥白島に来ている…ということになります。",https://summer-pockets.main.jp/wp-content/uploads/2025/06/114.jpg
miyanoura-port,13,なぁに？　その歌,こちらも海の駅なおしまで撮影できます。駄菓子屋方面に行く道すがらの風景です。,https://summer-pockets.main.jp/wp-content/uploads/2025/06/113.jpg
miyanoura-port,14,鳥白島風パエリア,レンタサイクル店のそば。,https://summer-pockets.main.jp/wp-content/uploads/2025/07/144.jpg
miyanoura-port,15,お米が足りないかも,わずかに映る背景も、再現度高めです。,https://summer-pockets.main.jp/wp-content/uploads/2025/07/145.jpg
miyanoura-port,16,すれ違う羽依里としろは,海の駅なおしまからセブンイレブンに行く道すがらにあります。,https://summer-pockets.main.jp/wp-content/uploads/2025/09/名称未設定-1_0004_S__5201925_0.jpg|https://summer-pockets.main.jp/wp-content/uploads/2026/05/176.jpg|https://summer-pockets.main.jp/wp-content/uploads/2026/05/177.jpg
miyanoura-port,17,フェリーありのカット,,https://summer-pockets.main.jp/wp-content/uploads/2024/07/minato-2.jpg|https://summer-pockets.main.jp/wp-content/uploads/2024/07/minato-5.jpg|https://summer-pockets.main.jp/wp-content/uploads/2024/07/meon2.jpg
miyanoura-port,18,撮影地不明,,https://summer-pockets.main.jp/wp-content/uploads/2024/07/siroha-1-1-1024x576.jpg|https://summer-pockets.main.jp/wp-content/uploads/2024/07/siroha-2-1024x576.jpg
miyanoura-port,19,合わせて撮りたいスポット,,https://summer-pockets.main.jp/wp-content/uploads/2023/12/matinami_01.jpg
miyanoura-port,20,帰路,,https://summer-pockets.main.jp/wp-content/uploads/2025/04/025.jpg|https://summer-pockets.main.jp/wp-content/uploads/2025/04/026.jpg|https://summer-pockets.main.jp/wp-content/uploads/2025/04/027.jpg
iwata,1,駄菓子屋,"各キャラクターが集う駄菓子屋は、「イワタコンフェクト」がモデルとなっています。

残念ながら2023年の2月末日で閉店となりました。創業60年とのことですが、長い間お疲れ様でございました。そしてサマポケファンを魅了するお店のご対応に感謝しております。

私は2022年の8月に行きましたが、そのときにはすでにドリンクストッカーもアイスケースもなく、イラスト通りには撮影できませんでいたが、ここで島のみんなが集っていたと思うと嬉しくなりましたね。

これらはすべて、ここ周辺が聖地となります。あたりを見渡せばすぐにわかると思います。

※個人宅が映りこむ聖地は場所を掲載していません",https://summer-pockets.main.jp/wp-content/uploads/2024/07/iwata-3.jpg|https://summer-pockets.main.jp/wp-content/uploads/2024/07/iwata-2-1.jpg|https://summer-pockets.main.jp/wp-content/uploads/2025/04/035.jpg|https://summer-pockets.main.jp/wp-content/uploads/2025/04/a036.jpg|https://summer-pockets.main.jp/wp-content/uploads/2025/04/a037.jpg|https://summer-pockets.main.jp/wp-content/uploads/2025/06/ed1_11.png|https://summer-pockets.main.jp/wp-content/uploads/2025/06/op-scaled.jpg|https://summer-pockets.main.jp/wp-content/uploads/2025/06/121.jpg|https://summer-pockets.main.jp/wp-content/uploads/2025/06/123.jpg|https://summer-pockets.main.jp/wp-content/uploads/2025/06/118.jpg|https://summer-pockets.main.jp/wp-content/uploads/2025/06/117.jpg|https://summer-pockets.main.jp/wp-content/uploads/2025/07/138.jpg
iwata,2,スイカ…バー！,私が行った2022年にはもうアイスストッカーがなく、撮影できませんでした。どなたかこの画角で写真を撮られた方、写真を譲ってください！,https://summer-pockets.main.jp/wp-content/uploads/2024/07/iwata-1.jpg
iwata,3,すれ違い,"アニメでは場所が変更されていましたが、ゲーム作品では駄菓子屋の前でイベントが発生しています。

こちらも撮り忘れてしまったので、当時撮られた方、写真を募集中です。",https://summer-pockets.main.jp/wp-content/uploads/2024/07/iwata-4.jpg
iwata,4,どこぶっかけてんのよ！,,https://summer-pockets.main.jp/wp-content/uploads/2025/06/118.jpg|https://summer-pockets.main.jp/wp-content/uploads/2025/06/121-1024x576.jpg|https://summer-pockets.main.jp/wp-content/uploads/2025/06/123-1024x576.jpg
ishii,1,加藤家,"羽依里が夏休みを過ごす加藤家は、「民宿 石井商店」がモデルとなっています。

石井商店さんのInstagramより宿泊予約が可能です。

お部屋の鏡台には、聖地巡礼者の思いがいっぱいつまったノートや、サマポケに関する冊子がありましたので、ぜひ見てみてくださいね。室内からお風呂まで、忠実に再現されています。
 

📷石井商店さんのInstagram",https://summer-pockets.main.jp/wp-content/uploads/2024/07/kato1.jpg|https://summer-pockets.main.jp/wp-content/uploads/2024/07/kato2.jpg|https://summer-pockets.main.jp/wp-content/uploads/2025/04/a013.jpg|https://summer-pockets.main.jp/wp-content/uploads/2025/04/a014.jpg|https://summer-pockets.main.jp/wp-content/uploads/2025/04/a015.jpg|https://summer-pockets.main.jp/wp-content/uploads/2025/05/062.jpg|https://summer-pockets.main.jp/wp-content/uploads/2025/06/ed1_3.jpg|https://summer-pockets.main.jp/wp-content/uploads/2025/08/anime19.jpg|https://summer-pockets.main.jp/wp-content/uploads/2025/06/109.jpg|https://summer-pockets.main.jp/wp-content/uploads/2025/06/110.jpg
ishii,2,玄関,玄関も忠実に再現してくれています。,https://summer-pockets.main.jp/wp-content/uploads/2025/05/kato1_r.jpg|https://summer-pockets.main.jp/wp-content/uploads/2024/07/kato3.jpg
ishii,3,居間,うまく撮れなかったのと、ちょっと様変わりしてしまったかな？　もう少し早く行きたかったです。,https://summer-pockets.main.jp/wp-content/uploads/2025/05/kato2_r.jpg|https://summer-pockets.main.jp/wp-content/uploads/2024/07/kato5.jpg
ishii,4,羽依里の部屋,おおよそ、ゲーム作品の頃のままでした。,https://summer-pockets.main.jp/wp-content/uploads/2025/05/kato4_r.jpg|https://summer-pockets.main.jp/wp-content/uploads/2024/07/kato4.jpg
ishii,5,しろはとうみちゃん,居間から見える庭の様子は、ノスタルジーな夏を感じさせてくれます。,https://summer-pockets.main.jp/wp-content/uploads/2025/05/kato8_r.jpg|https://summer-pockets.main.jp/wp-content/uploads/2024/07/kato8.jpg
ishii,6,「……いい…よ」,たったこれだけの背景でも、ファンなら写真に収めたいはず！,https://summer-pockets.main.jp/wp-content/uploads/2025/05/kato6_r.jpg|https://summer-pockets.main.jp/wp-content/uploads/2024/07/kato6.jpg
ishii,7,しろはの視た未来,こちらも居間から撮れます。,https://summer-pockets.main.jp/wp-content/uploads/2025/05/kato10_r.jpg|https://summer-pockets.main.jp/wp-content/uploads/2024/07/kato10.jpg
ishii,8,もう8時ですよ,うみちゃんが起こしにくるシーン,https://summer-pockets.main.jp/wp-content/uploads/2025/05/kato11_r.jpg|https://summer-pockets.main.jp/wp-content/uploads/2024/07/kato11.jpg
ishii,9,鴎の恩返し,同じくこちらも。襖だけでも立派な聖地！,https://summer-pockets.main.jp/wp-content/uploads/2025/05/kato12_r.jpg|https://summer-pockets.main.jp/wp-content/uploads/2024/07/kato12.jpg
ishii,10,確かに存在する温もり,畳と敷布団だけですが、ファンなら撮影したはず！,https://summer-pockets.main.jp/wp-content/uploads/2025/05/kato9_r.jpg|https://summer-pockets.main.jp/wp-content/uploads/2024/07/kato9.jpg
ishii,11,すごく大事なお話,こちらはリフレクションブルーの追加カットですね。この写真も宿泊できれば撮れます。,https://summer-pockets.main.jp/wp-content/uploads/2025/05/kato7_r.jpg|https://summer-pockets.main.jp/wp-content/uploads/2024/07/kato7.jpg
ishii,12,紬と,こちらもリフレクションブルーの追加カット。,https://summer-pockets.main.jp/wp-content/uploads/2025/05/kato13_r.jpg|https://summer-pockets.main.jp/wp-content/uploads/2024/07/kato13.jpg
ishii,13,食堂,"うどん屋さんとしてお店をやっていましたが、2024年12月に閉業したようです。こちらは許可をいただいて撮影しました。

宿泊された方はわかると思いますが、お風呂とトイレに行く際に、見ることができます。",https://summer-pockets.main.jp/wp-content/uploads/2025/05/syokudo-1_r.jpg|https://summer-pockets.main.jp/wp-content/uploads/2024/07/syokudo-1.jpg
ishii,14,…だれ？,,https://summer-pockets.main.jp/wp-content/uploads/2025/06/ed1_3.jpg|https://summer-pockets.main.jp/wp-content/uploads/2025/06/ed1_31.jpg
ishii,15,食堂,,https://summer-pockets.main.jp/wp-content/uploads/2025/04/a016.jpg
dam,1,ため池,「れいだ～ん」でおなじみのため池は、直島ダムがモデル。夏に行くと雑草が多く、うまく撮れないかも。,https://summer-pockets.main.jp/wp-content/uploads/2025/05/tameike_r.jpg|https://summer-pockets.main.jp/wp-content/uploads/2024/07/tameike-1.jpg|https://summer-pockets.main.jp/wp-content/uploads/2025/04/a024.jpg|https://summer-pockets.main.jp/wp-content/uploads/2025/04/a023.jpg|https://summer-pockets.main.jp/wp-content/uploads/2025/04/a025.jpg
gotanji,1,しろはと海ほたる,,https://summer-pockets.main.jp/wp-content/uploads/2024/07/hamabe3.jpg
gotanji,2,合わせて撮りたいスポット,,https://summer-pockets.main.jp/wp-content/uploads/2024/07/uminoie-1.jpg
gotanji,3,静久の相談室,,https://summer-pockets.main.jp/wp-content/uploads/2024/07/uminoie3-1024x576.jpg
gotanji,4,「よかったら、私たち…」,,https://summer-pockets.main.jp/wp-content/uploads/2024/07/uminoie4-1024x576.jpg
gotanji,5,合わせて撮りたいスポット,,https://summer-pockets.main.jp/wp-content/uploads/2024/07/hamabe-1-1024x576.jpg
benzaiten,1,島の外れ,"アニメでもゲームでも登場する『島の外れ』。しろはの釣り場としてたびたび登場します。
どのシーンもここで風景を味わうことができます。
ちなみに、すぐそばにある直島コーヒーさんでは、弁財天が一望できます。
 

📷NAOSHIMA COFFEEさんのInstagram",https://summer-pockets.main.jp/wp-content/uploads/2024/07/simahazure-2.jpg|https://summer-pockets.main.jp/wp-content/uploads/2024/07/simahazure-6-1.jpg|https://summer-pockets.main.jp/wp-content/uploads/2024/07/simahazure-7.jpg|https://summer-pockets.main.jp/wp-content/uploads/2025/05/8-4.jpg|https://summer-pockets.main.jp/wp-content/uploads/2025/05/88.jpg|https://summer-pockets.main.jp/wp-content/uploads/2025/05/87.jpg|https://summer-pockets.main.jp/wp-content/uploads/2025/05/74.jpg|https://summer-pockets.main.jp/wp-content/uploads/2025/07/kv06.jpg
benzaiten,2,ゲーム版のしろは,こちらはリフレクションブルーで新たに追加されたカット。アニメでも釣りをするシーンを描いてくれていましたね。こちらも弁財天の四角い建物の付近で撮影できます。,https://summer-pockets.main.jp/wp-content/uploads/2024/07/simahazure-1.jpg|https://summer-pockets.main.jp/wp-content/uploads/2024/07/simahazure-7.jpg
benzaiten,3,合わせて撮りたいスポット,,https://summer-pockets.main.jp/wp-content/uploads/2024/07/umi-kv1-scaled.jpg
ebisu-torii,1,神社,,https://summer-pockets.main.jp/wp-content/uploads/2024/07/jinjya-3-1.jpg
yama-jinja,1,鳴瀬神社,"ゲーム作品では別の神社がモデルになっていましたが、アニメでは別の神社がモデルとなっており、こちらは拝観できます。
※ゲーム作品で登場する神社は一般立入不可

Googleマップが正面の通りに入っていけないのでマップが分かりづらいですが、ここを目指して行ってみてください。",https://summer-pockets.main.jp/wp-content/uploads/2025/04/a010.jpg
yama-jinja,2,境内,撮ったはずなのに写真がどこかへいってしまい…同じ画角で写真を撮られた方、ぜひご提供ください！,https://summer-pockets.main.jp/wp-content/uploads/2025/04/056.jpg
naoshima-sento,1,銭湯,"ゲーム作品では別の場所（鳥白島役場）でしたが、アニメではこちらが銭湯として登場しました。

道を挟んだ対面に建物があるため、正面から撮影できませんでした。広角レンズがあれば撮影できるのでしょうか。アニメと画角ピッタリの写真をお持ちの方、ぜひご提供ください！",https://summer-pockets.main.jp/wp-content/uploads/2026/06/sentou.jpg|https://summer-pockets.main.jp/wp-content/uploads/2025/05/65.jpg|https://summer-pockets.main.jp/wp-content/uploads/2025/05/66.jpg|https://summer-pockets.main.jp/wp-content/uploads/2025/05/63.jpg|https://summer-pockets.main.jp/wp-content/uploads/2025/05/64.jpg|https://summer-pockets.main.jp/wp-content/uploads/2025/05/70.jpg
naoshima-sento,2,銭湯のそば,"周辺の様子もそのままに再現してくれています。

が、画角がぜんぜん違いましたね。屋根まで収まらないとダメでした。",https://summer-pockets.main.jp/wp-content/uploads/2026/06/sentou2-1.jpg|https://summer-pockets.main.jp/wp-content/uploads/2025/05/63.jpg
naoshima-sento,3,銭湯のそば2,"こちらもそうですね。良い感じに再現してくれています。
まったく逆方向の石井商店さん（宿泊先）からここまで来る体力がなかったので、夜の撮影ができませんでした。一回目の巡礼ではこの周辺に泊まったのですが、その頃はアニメやってなかったし…。AIで夜にできますが…なんか違いますよね。
次回は海の駅周辺で宿をとって撮影します。",https://summer-pockets.main.jp/wp-content/uploads/2026/06/sentou3.jpg|https://summer-pockets.main.jp/wp-content/uploads/2025/05/64.jpg
kiunkaku,1,ヴェンダース家（アニメ版）,"おそらくここかと。
見た目と色は似ていますが…あってますかね。情報をお待ちしております。",https://summer-pockets.main.jp/wp-content/uploads/2025/06/124.jpg
kiunkaku,2,ヴェンダース家　屋内,Googleマップだとうまく入れませんが、ここですね。,https://summer-pockets.main.jp/wp-content/uploads/2025/06/102.jpg
kiunkaku,3,ヴェンダース家（ゲーム版）,"静岡県熱海市にある『起雲閣』がモデル。
熱海駅から徒歩で行けなくもない場所にあります。こちらは入館料が必要です。撮影はOKのようです。人がいなくなったタイミングで撮ってみました。",https://summer-pockets.main.jp/wp-content/uploads/2026/04/tsumugihpuse.png|https://summer-pockets.main.jp/wp-content/uploads/2024/07/tumugiheya-2-1.jpg
ryugu,1,海賊船,写真がないので、とりあえず写真素材 フォトライブラリーの素材を貼っています。こちらも撮りに行きたいですね～。,https://summer-pockets.main.jp/wp-content/uploads/2024/07/kaizoku002.jpg|https://summer-pockets.main.jp/wp-content/uploads/2024/07/kaizokusen.jpg|https://summer-pockets.main.jp/wp-content/uploads/2025/05/059.jpg|https://summer-pockets.main.jp/wp-content/uploads/2025/05/060.jpg
ryugu,2,七ヶ浜,,https://summer-pockets.main.jp/wp-content/uploads/2024/07/kaizokusen-1.jpg|https://summer-pockets.main.jp/wp-content/uploads/2024/07/kaizoku002.jpg
miharashi,1,迷い橘,"現世と常世の境目として度々登場する「迷い橘」は、茨城県ひたちなか市にある国営ひたち海浜公園の「みはらしの丘」がモデルとなっています。

ネモフィラの咲いている季節に行けば迷い橘の雰囲気と合致するので、春季（４～５月）に行くと撮影できるでしょう。秋はコキアとコスモスが咲いていてイメージとはまったく異なるので、サマポケ聖地巡礼目的であれば春一択です。",https://summer-pockets.main.jp/wp-content/uploads/2024/07/mayoi-1.jpg|https://summer-pockets.main.jp/wp-content/uploads/2024/07/mayoi-2-1.jpg
naoshima-muramichi,1,村道,"様々な出会いがあるこの通りは、石井商店さんから数十メートル先にある道路がモデルになっています。忠実に再現されていますね。

いずれのシーンも、近辺で撮影することができます。",https://summer-pockets.main.jp/wp-content/uploads/2024/07/street2.jpg|https://summer-pockets.main.jp/wp-content/uploads/2024/07/street1.jpg|https://summer-pockets.main.jp/wp-content/uploads/2025/08/172.jpg|https://summer-pockets.main.jp/wp-content/uploads/2025/08/174.jpg|https://summer-pockets.main.jp/wp-content/uploads/2025/08/173-1.jpg
naoshima-muramichi,2,村道,,https://summer-pockets.main.jp/wp-content/uploads/2024/07/street1.jpg|https://summer-pockets.main.jp/wp-content/uploads/2024/07/street2.jpg|https://summer-pockets.main.jp/wp-content/uploads/2024/07/street3.jpg
naoshima-muramichi,3,おい！　待ってくれよしろは！,,https://summer-pockets.main.jp/wp-content/uploads/2025/08/172.jpg|https://summer-pockets.main.jp/wp-content/uploads/2025/08/173-1.jpg|https://summer-pockets.main.jp/wp-content/uploads/2025/08/174-1.jpg
ogi-distant-view,1,鳥白島遠景,"フェリーで向かう最中、だいたいこの辺りです。これは画角ピッタリで撮影できました。というよりも、作品の再現度が高いのでしょう。きっと初めて男木島に向かうときは「おおおっ」って声が漏れると思いますよ笑
作中に登場したフェリー「しらとり」は、現実にも「めおん2」として存在しますが、今では繁忙期などに予備船として運航しているだけのようですので、毎回乗船できるわけではありません。
また、2027年には完全に引退するので、それ以降は撮影できなくなります。",https://summer-pockets.main.jp/wp-content/uploads/2024/07/torisirojima02.jpg|https://summer-pockets.main.jp/wp-content/uploads/2024/07/torisirojima01-1.jpg|https://summer-pockets.main.jp/wp-content/uploads/2025/04/a001_1.jpg|https://summer-pockets.main.jp/wp-content/uploads/2024/09/anime-8.jpg|https://summer-pockets.main.jp/wp-content/uploads/2024/07/meon2.jpg
ogi-distant-view,2,鳥白島鳥瞰図,,https://summer-pockets.main.jp/wp-content/uploads/2024/07/naosimazenkei2.jpg|https://summer-pockets.main.jp/wp-content/uploads/2024/07/naosimazenkei.jpg
ogi-distant-view,3,鳥白島全景,,https://summer-pockets.main.jp/wp-content/uploads/2025/04/a001_1.jpg|https://summer-pockets.main.jp/wp-content/uploads/2025/04/a001.jpg
ogi-himitukichi,1,合わせて撮りたいスポット,,https://summer-pockets.main.jp/wp-content/uploads/2024/07/puru-1024x576.jpg
ogi-port-road,1,港道,,https://summer-pockets.main.jp/wp-content/uploads/2024/07/umizoi02-1.jpg|https://summer-pockets.main.jp/wp-content/uploads/2024/07/umizoi01.jpg|https://summer-pockets.main.jp/wp-content/uploads/2024/07/umizoi03-1024x576.jpg|https://summer-pockets.main.jp/wp-content/uploads/2024/07/umizoi04-1024x576.jpg
ogi-countryroad,1,田舎道,"ちなみにこの背景からの続きで描かれるこちらのカットは、…ここだと思います。たぶん。寝そべって撮影すればこの画角で撮れる気がします。
蒼は…ここでは寝れる気がしません笑

ちなみにアニメ版ではこことは違う場所で寝てるみたいですね。",https://summer-pockets.main.jp/wp-content/uploads/2024/07/countryroad-3.jpg|https://summer-pockets.main.jp/wp-content/uploads/2024/07/countryroad-2.jpg|https://summer-pockets.main.jp/wp-content/uploads/2024/07/countryroad-4.jpg|https://summer-pockets.main.jp/wp-content/uploads/2026/07/aoohirune.jpg
ogi-countryroad,2,「…食べ物を…もってないかい…」,,https://summer-pockets.main.jp/wp-content/uploads/2024/07/countryroad-4-1024x576.jpg|https://summer-pockets.main.jp/wp-content/uploads/2024/07/countryroad-5-1024x484.jpg
megi-mountainroad,1,秘密基地への山道,,https://summer-pockets.main.jp/wp-content/uploads/2024/07/himitu-sando.jpg
megi-mountainroad,2,山道,,https://summer-pockets.main.jp/wp-content/uploads/2025/06/122.jpg
naoshima0003,1,道に迷う羽依里,普段は観光客が行くようなところではないので、迷惑にならないように巡礼しましょう。,https://summer-pockets.main.jp/wp-content/uploads/2025/04/020.jpg
naoshima0008,1,すっかり慣れたな,"こちらは八幡神社の南側、直島新美術館の北側にある県道です。
Googleマップが正面の通りに入っていけないのでマップが分かりづらいですが、ここを目指して行ってみてください。

しろはの釣り場スポットである『弁財天』に行く途中に通るので、併せてに巡礼しましょう。",https://summer-pockets.main.jp/wp-content/uploads/2025/07/161.jpg
naoshima0011,1,海岸沿いにて,弁財天の通りを少し南に下るとここに着きます。奥のほうに見えている場所は、アニメの蒼ルートで登場します。,https://summer-pockets.main.jp/wp-content/uploads/2025/07/140.jpg
naoshima0011,2,羽依里と蒼,ここですね。,https://summer-pockets.main.jp/wp-content/uploads/2025/07/134.jpg
naoshima0011,3,羽依里と蒼2,"この向きで撮影できませんし、マップも表示できないので場所だけ。
ここは～…入っていい場所なのかわかりません。当方で責任持てません。どのみちこの画角で撮影できませんし、雰囲気だけ楽しみましょう。",https://summer-pockets.main.jp/wp-content/uploads/2025/07/135.jpg
naoshima0011,4,島を楽しめ、か,,https://summer-pockets.main.jp/wp-content/uploads/2025/07/140.jpg|https://summer-pockets.main.jp/wp-content/uploads/2025/07/名称未設定-1_0008_レイヤー-7.jpg
naoshima0012,1,山の入り口,蒼のお話でたびたび登場するシーン。昼夜共にカットがあるので、直島で宿泊してどちらも撮れるといいですね。,https://summer-pockets.main.jp/wp-content/uploads/2025/06/128.jpg|https://summer-pockets.main.jp/wp-content/uploads/2025/07/133-1.jpg|https://summer-pockets.main.jp/wp-content/uploads/2025/07/132-1.jpg|https://summer-pockets.main.jp/wp-content/uploads/2025/07/136.jpg
naoshima0012,2,ちょっと急いでほしいかも,先ほどの道をちょっと北に進むとここに着きます。,https://summer-pockets.main.jp/wp-content/uploads/2025/07/137.jpg
naoshima0012,3,それでさぁ…蒼？,,https://summer-pockets.main.jp/wp-content/uploads/2025/07/136.jpg|https://summer-pockets.main.jp/wp-content/uploads/2025/07/133-1-1024x576.jpg|https://summer-pockets.main.jp/wp-content/uploads/2025/07/132-1-1024x576.jpg
naoshima0013,1,加藤家を目指して,第一話。羽依里がはじめて加藤家に向かう道中です。,https://summer-pockets.main.jp/wp-content/uploads/2024/09/anime-4.jpg|https://summer-pockets.main.jp/wp-content/uploads/2024/09/anime-5.jpg
naoshima0014,1,夜の海,"サマポケ最難関の聖地です。作中ではしろはも羽依里も軽装ですが、現実はどこかが道かもわからないくらいの獣道です。夏服の軽装備では絶対に行かないでください。
入り口は『直島つり公園』のフェンス左側です。もうこの時点で諦めようと思いましたが、単身で挑んでみました。でも絶対に一人で行かないほうがいいです！
人の背丈以上の雑草をかき分けながら、片道およそ20～30分くらいの道のりを進みます。
服も靴もボロボロになりました。捨てるつもりの服装で行くといいかもです。
肌の露出しない、重装備で挑んでください！　水分補給も忘れずに！
個人的には、雑草が少なくて且つ夏の雰囲気を楽しめる春季に行くことをオススメします。
ちなみに私は5月に行きましたが、ギリギリ道が見えるくらいの雑草っぷりでした。「やっぱり帰りたい…」と3回くらいは思いましたね泣
なんとか無事到着できました！
YouTubeで「火つかずの灯籠」と検索すると、道中の動画が出てきます。とても分かりやすく丁寧に紹介していますので、見てみるとイイかもです。",https://summer-pockets.main.jp/wp-content/uploads/2025/04/anime_0009_86306DA6-B323-48B1-97BA-409C20C30F04.jpg|https://summer-pockets.main.jp/wp-content/uploads/2025/04/anime_0006_BDC99F05-218E-4895-BFFD-F8EAF64C166D.jpg|https://summer-pockets.main.jp/wp-content/uploads/2025/04/anime_0004_6EE26B75-6A0C-41A8-97C2-3D38DF98DF9F.jpg|https://summer-pockets.main.jp/wp-content/uploads/2025/04/anime_0002_935CB267-1A51-44F4-BCFB-67F271A92A34.jpg|https://summer-pockets.main.jp/wp-content/uploads/2025/04/anime_0007_AD3AAD6C-6944-43AC-9BED-AD1041F61F30.jpg|https://summer-pockets.main.jp/wp-content/uploads/2025/04/iriguti.jpg
naoshima0014,2,不明,おそらくここだとは思いますが、わからないので『不明』として紹介しています。知ってる方がいいたら、Ｘからコメントください！,https://summer-pockets.main.jp/wp-content/uploads/2025/06/op1_1.jpg|https://summer-pockets.main.jp/wp-content/uploads/2025/05/anime_0000_651CA6CA-3B65-4E72-9228-F2F3027903C5.jpg|https://summer-pockets.main.jp/wp-content/uploads/2025/05/anime_0001_9AECDF31-485D-4F9C-A36B-D23FDE7DA4B6.jpg|https://summer-pockets.main.jp/wp-content/uploads/2025/06/0004.jpg
naoshima0014,3,…あれ？,,https://summer-pockets.main.jp/wp-content/uploads/2025/04/anime_0006_BDC99F05-218E-4895-BFFD-F8EAF64C166D.jpg|https://summer-pockets.main.jp/wp-content/uploads/2025/04/anime_0004_6EE26B75-6A0C-41A8-97C2-3D38DF98DF9F.jpg|https://summer-pockets.main.jp/wp-content/uploads/2025/04/anime_0002_935CB267-1A51-44F4-BCFB-67F271A92A34.jpg|https://summer-pockets.main.jp/wp-content/uploads/2025/04/anime_0009_86306DA6-B323-48B1-97BA-409C20C30F04.jpg|https://summer-pockets.main.jp/wp-content/uploads/2025/04/anime_0007_AD3AAD6C-6944-43AC-9BED-AD1041F61F30.jpg|https://summer-pockets.main.jp/wp-content/uploads/2025/04/iriguti-1024x576.jpg
naoshima0014,4,また、夏が終わるんだ…,,https://summer-pockets.main.jp/wp-content/uploads/2025/05/anime_0001_9AECDF31-485D-4F9C-A36B-D23FDE7DA4B6.jpg|https://summer-pockets.main.jp/wp-content/uploads/2025/05/anime_0000_651CA6CA-3B65-4E72-9228-F2F3027903C5.jpg|https://summer-pockets.main.jp/wp-content/uploads/2025/05/anime_0007_AD3AAD6C-6944-43AC-9BED-AD1041F61F30-1024x576.jpg
naoshima0016,1,OP1　鴎,…写真、撮ったんだけどなあ…データがありませんでした。とりあえず場所はここですが、結構な勾配の坂道の途中になるので、港に着いてから先に行くのもありです。まあ、東西どちらから行ってもまあまあの坂道です。,https://summer-pockets.main.jp/wp-content/uploads/2025/06/op1_2.jpg
ogijima002,1,鳥白島到着,男木島に降り立ったときに、きっと羽依里と同じように「行くか」と、つぶやいてしまうと思います。,https://summer-pockets.main.jp/wp-content/uploads/2025/04/a005.jpg
ogijima004,1,鳥白島の町並み①,こちらもこの辺りで撮れますが、民家のため掲載していません。通ればわかると思いますが、撮影は推奨しません。,https://summer-pockets.main.jp/wp-content/uploads/2025/05/004_0003_レイヤー-25.jpg|https://summer-pockets.main.jp/wp-content/uploads/2025/05/004_0001_レイヤー-27.jpg
ogijima004,2,鳥白島の町並み②,,https://summer-pockets.main.jp/wp-content/uploads/2025/04/a008.jpg
ogijima004,3,鳥白島の町並み③,,https://summer-pockets.main.jp/wp-content/uploads/2026/07/a009r.jpg|https://summer-pockets.main.jp/wp-content/uploads/2025/04/a009.jpg
ogijima004,4,鳥白島の町並み④,,https://summer-pockets.main.jp/wp-content/uploads/2025/08/166.jpg
other05,1,フェリーから見える景色,Googleマップでは再現できませんが、遠くに映っている街並みはここですね。,https://summer-pockets.main.jp/wp-content/uploads/2025/07/151.jpg
other05,2,駅前,"岡山方面から島に渡る人は、この駅を利用するはず。人によってはここが一番最初の聖地かもですね笑
ここだけで複数カットあるので、島に行く前に撮っておきましょう。",https://summer-pockets.main.jp/wp-content/uploads/2025/07/153-scaled.jpg
other05,3,駅前のベンチ,ここも駅周辺です。,https://summer-pockets.main.jp/wp-content/uploads/2025/07/154.jpg
other05,4,電車,ここも。っていうか駅ですね。,https://summer-pockets.main.jp/wp-content/uploads/2025/07/155.jpg
other05,5,駅周辺,羽依里の後ろに映りこむ背景も、リアルに再現。,https://summer-pockets.main.jp/wp-content/uploads/2025/07/156.jpg
other05,6,島外デート,ここですね。岡山シンフォニーホールの隣、上之町商店街の入り口です。,https://summer-pockets.main.jp/wp-content/uploads/2025/07/157.jpg
other05,7,しろはとデート？,,https://summer-pockets.main.jp/wp-content/uploads/2025/07/157.jpg|https://summer-pockets.main.jp/wp-content/uploads/2025/07/158.jpg
other06,1,おっぱい岩,実際の名前も『おっぱい岩』です。お近くに住んでる方、写真提供をぜひお願いします！,https://summer-pockets.main.jp/wp-content/uploads/2025/05/69.jpg
anime-op-3,1,振り返るしろは,,https://summer-pockets.main.jp/wp-content/uploads/2025/06/op1_3.jpg
anime-op-5,1,海を見つめるしろは,,https://summer-pockets.main.jp/wp-content/uploads/2025/06/op1_5.jpg
anime-op-7,1,お昼寝から目覚める蒼,,https://summer-pockets.main.jp/wp-content/uploads/2025/06/op1_7.jpg
anime-op-8,1,んん～……パーーージ！,,https://summer-pockets.main.jp/wp-content/uploads/2025/06/op1_8.jpg
anime-ed-2,1,カマキリを見つめる鴎,,https://summer-pockets.main.jp/wp-content/uploads/2025/06/ed1_2-1-scaled.jpg
anime-episode1-6,1,加藤家を目指して1,,https://summer-pockets.main.jp/wp-content/uploads/2025/04/a006.jpg
anime-episode1-7,1,加藤家を目指して2,,https://summer-pockets.main.jp/wp-content/uploads/2025/04/a007-1.jpg
anime-episode1-11,1,加藤家を目指して6,,https://summer-pockets.main.jp/wp-content/uploads/2025/04/a011.jpg
anime-episode1-12,1,加藤家を目指して7,,https://summer-pockets.main.jp/wp-content/uploads/2025/04/a012.jpg
anime-episode2-5,1,さしずめ俺は,,https://summer-pockets.main.jp/wp-content/uploads/2025/04/031-1.jpg|https://summer-pockets.main.jp/wp-content/uploads/2025/04/kinshi-1024x465.jpg
anime-episode2-8,1,ハイドログラディエーター改だ,,https://summer-pockets.main.jp/wp-content/uploads/2025/04/034-1.jpg
anime-episode3-3,1,初対面だよ,,https://summer-pockets.main.jp/wp-content/uploads/2025/04/a028.jpg|https://summer-pockets.main.jp/wp-content/uploads/2025/04/a026.jpg|https://summer-pockets.main.jp/wp-content/uploads/2025/04/a027.jpg|https://summer-pockets.main.jp/wp-content/uploads/2025/04/a029.jpg
anime-episode3-4,1,やれやれ、びしょぬれだ,,https://summer-pockets.main.jp/wp-content/uploads/2025/04/a034.jpg|https://summer-pockets.main.jp/wp-content/uploads/2025/04/a038.jpg|https://summer-pockets.main.jp/wp-content/uploads/2025/04/a039.jpg
anime-episode4-1,1,ここでもなかったかぁ,,https://summer-pockets.main.jp/wp-content/uploads/2025/04/055.jpg
anime-episode4-3,1,バジリスクが…,,https://summer-pockets.main.jp/wp-content/uploads/2025/04/057.jpg|https://summer-pockets.main.jp/wp-content/uploads/2025/04/050.jpg|https://summer-pockets.main.jp/wp-content/uploads/2025/04/051.jpg
anime-episode4-4,1,いきなり言われても…困るよね,,https://summer-pockets.main.jp/wp-content/uploads/2025/04/052.jpg
anime-episode7-2,1,もう少しで辿り着ける,,https://summer-pockets.main.jp/wp-content/uploads/2025/05/061.jpg
anime-episode7-5,1,鷹原さん、今日は一日ありがとうございましたぁ,,https://summer-pockets.main.jp/wp-content/uploads/2025/05/67.jpg|https://summer-pockets.main.jp/wp-content/uploads/2025/05/89.jpg
anime-episode7-6,1,手伝ってくれたパイリ君へのお礼に…,,https://summer-pockets.main.jp/wp-content/uploads/2025/05/68.jpg|https://summer-pockets.main.jp/wp-content/uploads/2025/05/68_r.jpg
anime-episode8-1,1,わたあめのシーン,,https://summer-pockets.main.jp/wp-content/uploads/2025/05/73.jpg|https://summer-pockets.main.jp/wp-content/uploads/2025/05/84.jpg|https://summer-pockets.main.jp/wp-content/uploads/2025/05/85.jpg
anime-episode9-1,1,神隠しだなんて,,https://summer-pockets.main.jp/wp-content/uploads/2025/06/90.jpg|https://summer-pockets.main.jp/wp-content/uploads/2025/06/91.jpg
anime-episode9-3,1,見つめあう二人,,https://summer-pockets.main.jp/wp-content/uploads/2025/06/94.jpg
anime-episode9-6,1,私…怖い,,https://summer-pockets.main.jp/wp-content/uploads/2025/06/95.jpg|https://summer-pockets.main.jp/wp-content/uploads/2025/06/96.jpg|https://summer-pockets.main.jp/wp-content/uploads/2025/06/97.jpg
anime-episode10-1,1,なんだか面白くなりそう,,https://summer-pockets.main.jp/wp-content/uploads/2025/06/105.jpg|https://summer-pockets.main.jp/wp-content/uploads/2025/06/108.jpg|https://summer-pockets.main.jp/wp-content/uploads/2025/06/106.jpg|https://summer-pockets.main.jp/wp-content/uploads/2025/06/104.jpg
anime-episode11-1,1,送ってくれなくても大丈夫なのに,,https://summer-pockets.main.jp/wp-content/uploads/2025/06/115.jpg|https://summer-pockets.main.jp/wp-content/uploads/2025/06/116.jpg
anime-episode11-3,1,あんたっていい奴なんだなって,,https://summer-pockets.main.jp/wp-content/uploads/2025/06/120.jpg
anime-episode14-1,1,ん？…こんなところに,,https://summer-pockets.main.jp/wp-content/uploads/2025/07/131.jpg
anime-episode14-2,1,歌唱シーン①,,https://summer-pockets.main.jp/wp-content/uploads/2025/07/139.jpg
anime-episode15-2,1,なんでこんなになるまで外にいたんだ,,https://summer-pockets.main.jp/wp-content/uploads/2025/07/141.jpg|https://summer-pockets.main.jp/wp-content/uploads/2025/07/142.jpg
anime-episode16-4,1,え、明日？,,https://summer-pockets.main.jp/wp-content/uploads/2025/07/149.jpg|https://summer-pockets.main.jp/wp-content/uploads/2025/07/150.jpg
anime-episode16-5,1,おまたせ,,https://summer-pockets.main.jp/wp-content/uploads/2025/07/148.jpg
anime-episode16-7,1,閉店,,https://summer-pockets.main.jp/wp-content/uploads/2025/07/152.jpg
anime-episode18-2,1,自販機前,,https://summer-pockets.main.jp/wp-content/uploads/2025/08/165.jpg|https://summer-pockets.main.jp/wp-content/uploads/2025/08/163.jpg
anime-episode19-1,1,今日はありがとな,,https://summer-pockets.main.jp/wp-content/uploads/2025/08/169.jpg
anime-episode19-3,1,当たったな、羽未の天気予報,,https://summer-pockets.main.jp/wp-content/uploads/2025/08/171.jpg
anime-episode26-1,1,すれ違う羽依里としろは,,https://summer-pockets.main.jp/wp-content/uploads/2025/09/名称未設定-1_0004_S__5201925_0-1024x576.jpg|https://summer-pockets.main.jp/wp-content/uploads/2025/09/名称未設定-1_0001_S__5201928_0-1024x576.jpg|https://summer-pockets.main.jp/wp-content/uploads/2025/09/名称未設定-1_0000_S__5201929_0-1024x576.jpg
new-naoshima-1,1,「島の外れ」と一緒に撮れる？,,https://summer-pockets.main.jp/wp-content/uploads/2024/07/sun.jpg
new-naoshima-1,2,足跡の先は…,,https://summer-pockets.main.jp/wp-content/uploads/2024/07/umi-kv1-scaled.jpg
new-ogijima-12,1,加藤家を目指す羽依里,,https://summer-pockets.main.jp/wp-content/uploads/2025/06/op1_4.jpg
mainvisual,1,合わせて撮りたいスポット,,https://summer-pockets.main.jp/wp-content/uploads/2024/07/minato-3.jpg
anime-episode1-18,1,蒼のお昼寝スポット,,https://summer-pockets.main.jp/wp-content/uploads/2025/04/023.jpg
anime-episode2-1,1,鴎とすれ違う羽依里,,https://summer-pockets.main.jp/wp-content/uploads/2025/04/anime_0012_B4DD1123-19D3-413D-AA47-7B0A853E2C93-1.jpg|https://summer-pockets.main.jp/wp-content/uploads/2025/04/anime_0011_C75C2D2B-6EBF-455C-B98F-7DC4F68629A0.jpg|https://summer-pockets.main.jp/wp-content/uploads/2025/04/anime_0010_05A29930-B12E-4F6C-AE75-15814C54CE90.jpg|https://summer-pockets.main.jp/wp-content/uploads/2025/04/anime_0008_A8A382F8-F489-4715-B2B8-3707138FB648-1.jpg
anime-episode2-7,1,鳥白島の少年団の面々,,https://summer-pockets.main.jp/wp-content/uploads/2025/04/033-1.jpg
anime-episode3-1,1,冒頭シーン,,https://summer-pockets.main.jp/wp-content/uploads/2025/04/a017.jpg|https://summer-pockets.main.jp/wp-content/uploads/2025/04/a018.jpg|https://summer-pockets.main.jp/wp-content/uploads/2025/04/a019.jpg
anime-episode4-2,1,冥府の入り口,,https://summer-pockets.main.jp/wp-content/uploads/2025/04/049.jpg
anime-episode7-1,1,アニメ版　紬のキービジュアル,,https://summer-pockets.main.jp/wp-content/uploads/2025/05/kv04_01.jpg|https://summer-pockets.main.jp/wp-content/uploads/2025/05/kv04_02.jpg
anime-episode7-8,1,海水浴か,,https://summer-pockets.main.jp/wp-content/uploads/2025/05/71.jpg|https://summer-pockets.main.jp/wp-content/uploads/2025/05/72.jpg|https://summer-pockets.main.jp/wp-content/uploads/2025/05/71g.jpg
anime-episode9-2,1,加藤さんとの出会い,,https://summer-pockets.main.jp/wp-content/uploads/2025/06/92.jpg|https://summer-pockets.main.jp/wp-content/uploads/2025/06/93.jpg
anime-episode12-1,1,本当にどこででも寝るんだな…,,https://summer-pockets.main.jp/wp-content/uploads/2025/06/125.jpg|https://summer-pockets.main.jp/wp-content/uploads/2025/06/127-1024x576.jpg|https://summer-pockets.main.jp/wp-content/uploads/2025/06/126-1024x576.jpg
anime-episode12-3,1,診療所,,https://summer-pockets.main.jp/wp-content/uploads/2025/06/129.jpg
anime-episode12-4,1,魔王怨殺…,,https://summer-pockets.main.jp/wp-content/uploads/2025/06/130.jpg
